{
  "historical": {
    "trades": 1518,
    "winrate": 0.5988142292490118,
    "expectancy": 0.014394861924968224,
    "profit_factor": 1.825554554736457,
    "max_drawdown": -0.9621242136350999,
    "avg_return": 0.014394861924968224,
    "median_return": 0.008484215800087644,
    "total_return": 1602053.1349666219,
    "avg_win": 0.053157485563157476,
    "avg_loss": -0.043462650204939876
  },
  "forward_closed": {
    "trades": 1,
    "winrate": 1.0,
    "expectancy": 0.26537596482579734,
    "profit_factor": NaN,
    "max_drawdown": 0.0,
    "avg_return": 0.26537596482579734,
    "median_return": 0.26537596482579734,
    "total_return": 0.2653759648257974,
    "avg_win": 0.26537596482579734,
    "avg_loss": 0.0
  },
  "counts": {
    "historical_trades": 1518,
    "forward_signals": 5,
    "forward_closed": 1
  },
  "outputs": {
    "forward_trades": "/Users/DEV/Elliott-wave/brain-output/backtests/ewb_forward_trades.parquet",
    "forward_grouped": "/Users/DEV/Elliott-wave/brain-output/backtests/ewb_forward_grouped.parquet",
    "markdown": "/Users/DEV/Elliott-wave/brain-output/backtests/ewb_backtest_vs_forward.md",
    "json": "/Users/DEV/Elliott-wave/brain-output/backtests/ewb_backtest_vs_forward.json"
  }
}
